{"mean":{"confidence_interval":{"confidence_level":0.95,"lower_bound":0.0004389954123131812,"upper_bound":0.0010471797448373284},"point_estimate":0.0007574519247490752,"standard_error":0.00015458960124861966},"median":{"confidence_interval":{"confidence_level":0.95,"lower_bound":0.0006286490022215929,"upper_bound":0.0011779916091187558},"point_estimate":0.0009274742857314777,"standard_error":0.0001392695329403768}}