{"mean":{"confidence_interval":{"confidence_level":0.95,"lower_bound":0.00415516970223783,"upper_bound":0.026194304405298283},"point_estimate":0.01513744241865389,"standard_error":0.0054942827148410965},"median":{"confidence_interval":{"confidence_level":0.95,"lower_bound":0.00043731456990001044,"upper_bound":0.0010718407471534963},"point_estimate":0.0007272916748883862,"standard_error":0.00016114530671624722}}