{"mean":{"confidence_interval":{"confidence_level":0.95,"lower_bound":291621840.4409999,"upper_bound":303310674.48499984},"point_estimate":296710466.62666667,"standard_error":3008587.8708096896},"median":{"confidence_interval":{"confidence_level":0.95,"lower_bound":286859942.3333333,"upper_bound":286913201.5},"point_estimate":286887947.5,"standard_error":16009.252899131025},"median_abs_dev":{"confidence_interval":{"confidence_level":0.95,"lower_bound":184546.3228487038,"upper_bound":259191.0678884677},"point_estimate":229657.94822274166,"standard_error":18936.941228064035},"slope":null,"std_dev":{"confidence_interval":{"confidence_level":0.95,"lower_bound":24817577.777809948,"upper_bound":78937946.428276},"point_estimate":52170450.47804984,"standard_error":14634990.97619814}}