{"mean":{"confidence_interval":{"confidence_level":0.95,"lower_bound":224752.46863111103,"upper_bound":224883.36101333346},"point_estimate":224812.61764444425,"standard_error":33.366136984655},"median":{"confidence_interval":{"confidence_level":0.95,"lower_bound":224628.99333333335,"upper_bound":224733.52666666667},"point_estimate":224692.59333333332,"standard_error":25.652093244206025},"median_abs_dev":{"confidence_interval":{"confidence_level":0.95,"lower_bound":294.2763267755468,"upper_bound":400.07490799726736},"point_estimate":345.7521978616692,"standard_error":28.105845131270076},"slope":null,"std_dev":{"confidence_interval":{"confidence_level":0.95,"lower_bound":396.0228627633752,"upper_bound":809.0310465215458},"point_estimate":582.0811881026582,"standard_error":120.83530337897783}}