{"mean":{"confidence_interval":{"confidence_level":0.95,"lower_bound":-0.22299223084587383,"upper_bound":-0.1597099892316163},"point_estimate":-0.19137683225191637,"standard_error":0.016105106125893057},"median":{"confidence_interval":{"confidence_level":0.95,"lower_bound":-0.05400438427481502,"upper_bound":-0.026946434692230348},"point_estimate":-0.028970361253736532,"standard_error":0.007273866459850706}}