{"mean":{"confidence_interval":{"confidence_level":0.95,"lower_bound":2903464212.5234165,"upper_bound":2934062904.2640834},"point_estimate":2917840331.1016665,"standard_error":7838933.113946663},"median":{"confidence_interval":{"confidence_level":0.95,"lower_bound":2868934520.5,"upper_bound":2870014344.25},"point_estimate":2869377196.0,"standard_error":264430.28087573213},"median_abs_dev":{"confidence_interval":{"confidence_level":0.95,"lower_bound":2166285.4769032453,"upper_bound":3375384.3679011976},"point_estimate":2611957.9015284777,"standard_error":296312.061930318},"slope":null,"std_dev":{"confidence_interval":{"confidence_level":0.95,"lower_bound":106391916.04065177,"upper_bound":163733159.6465605},"point_estimate":136209291.93821225,"standard_error":14627547.614508016}}