{"mean":{"confidence_interval":{"confidence_level":0.95,"lower_bound":-0.011365431579203444,"upper_bound":-0.010347583543639691},"point_estimate":-0.010862029275453877,"standard_error":0.0002600978313735267},"median":{"confidence_interval":{"confidence_level":0.95,"lower_bound":-0.011252346790672219,"upper_bound":-0.010306904978544966},"point_estimate":-0.010769349636264303,"standard_error":0.00023954121097185377}}