{"mean":{"confidence_interval":{"confidence_level":0.95,"lower_bound":-0.009148897168507752,"upper_bound":0.038432236035519374},"point_estimate":0.015474910270978803,"standard_error":0.012341159653892314},"median":{"confidence_interval":{"confidence_level":0.95,"lower_bound":-0.001051253094195762,"upper_bound":-0.0006068374863903436},"point_estimate":-0.0007905971392420108,"standard_error":0.00011272690559726428}}