{"mean":{"confidence_interval":{"confidence_level":0.95,"lower_bound":286473.76119632757,"upper_bound":286591.77939548023},"point_estimate":286531.6884745762,"standard_error":30.088865624237553},"median":{"confidence_interval":{"confidence_level":0.95,"lower_bound":286346.6779661017,"upper_bound":286448.28813559323},"point_estimate":286410.0338983051,"standard_error":28.265370281679175},"median_abs_dev":{"confidence_interval":{"confidence_level":0.95,"lower_bound":344.13909558520743,"upper_bound":443.12274687877664},"point_estimate":404.7246640011379,"standard_error":24.86394723547919},"slope":null,"std_dev":{"confidence_interval":{"confidence_level":0.95,"lower_bound":453.91788941958754,"upper_bound":589.1792575293817},"point_estimate":520.1533568298404,"standard_error":34.89273377456085}}