{"mean":{"confidence_interval":{"confidence_level":0.95,"lower_bound":-0.014609332074030335,"upper_bound":0.004799427861553808},"point_estimate":-0.004879214018695288,"standard_error":0.004956731154771666},"median":{"confidence_interval":{"confidence_level":0.95,"lower_bound":-0.001257647051255557,"upper_bound":-0.0002485245643755185},"point_estimate":-0.0007032815938938786,"standard_error":0.0002584047513542881}}