{"mean":{"confidence_interval":{"confidence_level":0.95,"lower_bound":353254.9322482638,"upper_bound":353662.3841892358},"point_estimate":353437.0890972221,"standard_error":104.32192093393213},"median":{"confidence_interval":{"confidence_level":0.95,"lower_bound":352969.1875,"upper_bound":353152.8958333333},"point_estimate":353087.1875,"standard_error":51.14638491827739},"median_abs_dev":{"confidence_interval":{"confidence_level":0.95,"lower_bound":399.26726166164667,"upper_bound":528.4078968688846},"point_estimate":446.3861420750762,"standard_error":32.15506447450523},"slope":null,"std_dev":{"confidence_interval":{"confidence_level":0.95,"lower_bound":889.1618093461154,"upper_bound":2622.2510479109656},"point_estimate":1811.20437356732,"standard_error":444.14453685684794}}