{"mean":{"confidence_interval":{"confidence_level":0.95,"lower_bound":-0.0071672995262743846,"upper_bound":-0.006458508816017003},"point_estimate":-0.006810995439359813,"standard_error":0.00018096842152049886},"median":{"confidence_interval":{"confidence_level":0.95,"lower_bound":-0.00726458755384341,"upper_bound":-0.006331818699134573},"point_estimate":-0.006797181035430588,"standard_error":0.00023203595101630334}}