{"mean":{"confidence_interval":{"confidence_level":0.95,"lower_bound":286406.98257768346,"upper_bound":286539.47584322013},"point_estimate":286472.2722598871,"standard_error":33.70808667088329},"median":{"confidence_interval":{"confidence_level":0.95,"lower_bound":286292.3220338983,"upper_bound":286413.5593220339},"point_estimate":286357.96610169497,"standard_error":28.319769882346105},"median_abs_dev":{"confidence_interval":{"confidence_level":0.95,"lower_bound":343.14619335707937,"upper_bound":475.676181936445},"point_estimate":408.77040291234715,"standard_error":34.59324845885033},"slope":null,"std_dev":{"confidence_interval":{"confidence_level":0.95,"lower_bound":512.1863888412428,"upper_bound":656.5080595974533},"point_estimate":585.8320709538662,"standard_error":36.95378056459613}}