{"mean":{"confidence_interval":{"confidence_level":0.95,"lower_bound":352134.90050868056,"upper_bound":352334.8618784722},"point_estimate":352223.8301388886,"standard_error":51.18043858535168},"median":{"confidence_interval":{"confidence_level":0.95,"lower_bound":351981.875,"upper_bound":352106.8020833334},"point_estimate":352031.5625,"standard_error":36.90728457321616},"median_abs_dev":{"confidence_interval":{"confidence_level":0.95,"lower_bound":298.4041322023241,"upper_bound":435.822617262531},"point_estimate":346.07898760588415,"standard_error":36.24165632955197},"slope":null,"std_dev":{"confidence_interval":{"confidence_level":0.95,"lower_bound":507.012120355966,"upper_bound":1332.7823374577313},"point_estimate":893.0563830321342,"standard_error":252.20157978302257}}