{"mean":{"confidence_interval":{"confidence_level":0.95,"lower_bound":-0.005618307075042073,"upper_bound":-0.004211590438594661},"point_estimate":-0.004994249755268743,"standard_error":0.0003561604669036258},"median":{"confidence_interval":{"confidence_level":0.95,"lower_bound":-0.006044653466731306,"upper_bound":-0.005394890220203197},"point_estimate":-0.005670591393627911,"standard_error":0.0001670173775162612}}