{"mean":{"confidence_interval":{"confidence_level":0.95,"lower_bound":-0.023267671024841875,"upper_bound":-0.013096745377696555},"point_estimate":-0.01780842623453538,"standard_error":0.002611694277110949},"median":{"confidence_interval":{"confidence_level":0.95,"lower_bound":-0.00913578726135833,"upper_bound":-0.007921412665939282},"point_estimate":-0.00847677300679539,"standard_error":0.0003093147213075513}}