{"mean":{"confidence_interval":{"confidence_level":0.95,"lower_bound":-0.002258683370452097,"upper_bound":-0.00045742073989674115},"point_estimate":-0.0011909722392912103,"standard_error":0.000471744071555086},"median":{"confidence_interval":{"confidence_level":0.95,"lower_bound":-0.0005595313833092001,"upper_bound":0.00023183097272450048},"point_estimate":-0.00013519827852837007,"standard_error":0.00020645744876784502}}