{"mean":{"confidence_interval":{"confidence_level":0.95,"lower_bound":0.0051832005400477225,"upper_bound":0.03776548503910408},"point_estimate":0.018451122107051132,"standard_error":0.009709988342904522},"median":{"confidence_interval":{"confidence_level":0.95,"lower_bound":0.0007290882181041347,"upper_bound":0.0012760897162109597},"point_estimate":0.0009914593618136625,"standard_error":0.00013923573680852273}}