{"mean":{"confidence_interval":{"confidence_level":0.95,"lower_bound":-0.009268051825192697,"upper_bound":-0.00702330015830219},"point_estimate":-0.00837692064829254,"standard_error":0.0006147006161708021},"median":{"confidence_interval":{"confidence_level":0.95,"lower_bound":-0.009254163151222183,"upper_bound":-0.008473708362656485},"point_estimate":-0.008924464416704914,"standard_error":0.00020988690493260945}}