{"mean":{"confidence_interval":{"confidence_level":0.95,"lower_bound":28717596.081583336,"upper_bound":28728759.703416668},"point_estimate":28723068.576666668,"standard_error":2839.034146823457},"median":{"confidence_interval":{"confidence_level":0.95,"lower_bound":28707764.0,"upper_bound":28718064.0},"point_estimate":28712576.0,"standard_error":2708.521407252234},"median_abs_dev":{"confidence_interval":{"confidence_level":0.95,"lower_bound":32124.234929680824,"upper_bound":43155.520033836365},"point_estimate":37712.154230475426,"standard_error":2931.628416095517},"slope":null,"std_dev":{"confidence_interval":{"confidence_level":0.95,"lower_bound":43318.37898981514,"upper_bound":54658.613743498965},"point_estimate":49149.27863892352,"standard_error":2890.8775087531044}}