{"mean":{"confidence_interval":{"confidence_level":0.95,"lower_bound":223853.28159909905,"upper_bound":223934.79040653154},"point_estimate":223893.1483333333,"standard_error":20.805557509530093},"median":{"confidence_interval":{"confidence_level":0.95,"lower_bound":223760.1081081081,"upper_bound":223860.0},"point_estimate":223820.19594594595,"standard_error":27.586508979360847},"median_abs_dev":{"confidence_interval":{"confidence_level":0.95,"lower_bound":223.0000659058189,"upper_bound":304.2745936521052},"point_estimate":264.20332233648685,"standard_error":21.034714938891362},"slope":null,"std_dev":{"confidence_interval":{"confidence_level":0.95,"lower_bound":309.40220598895127,"upper_bound":409.30031094411714},"point_estimate":360.3493160111491,"standard_error":25.532506166245184}}