{"mean":{"confidence_interval":{"confidence_level":0.95,"lower_bound":230170.13770547943,"upper_bound":230664.89654223746},"point_estimate":230347.35196347034,"standard_error":143.66361986643284},"median":{"confidence_interval":{"confidence_level":0.95,"lower_bound":230052.7191780822,"upper_bound":230128.19178082192},"point_estimate":230089.42465753423,"standard_error":19.656874629004065},"median_abs_dev":{"confidence_interval":{"confidence_level":0.95,"lower_bound":214.77390029661464,"upper_bound":298.8759070226464},"point_estimate":250.45784760828036,"standard_error":20.489637915132764},"slope":null,"std_dev":{"confidence_interval":{"confidence_level":0.95,"lower_bound":373.03282755356076,"upper_bound":4227.910092807044},"point_estimate":2472.482709154163,"standard_error":1358.7855537808218}}